S_name,address,Phonenumber
Colton R. Conway,"P.O. Box 366, 1122 Nisi Road",(868) 186-6246
Ima J. Beard,"P.O. Box 382, 3608 Nulla St.",(609) 382-4328
Xenos K. Hendricks,1468 Hymenaeos. St.,(555) 308-4839
Hillary H. Clarke,Ap #451-7821 Cras St.,(354) 878-7399
Alea P. Galloway,339-5011 Ipsum. St.,(819) 734-4175
Germaine N. Bailey,3849 Nec St.,(520) 349-6663
Malachi M. Whitfield,"P.O. Box 236, 6141 Ante Ave",(113) 868-5219
Hope S. Lester,Ap #417-8783 Ante. Rd.,(908) 683-1098
Rigel Y. Berger,Ap #998-7156 Mauris St.,(880) 747-0715
Urielle T. Lara,Ap #923-7736 Id St.,(761) 664-8793
