﻿S_name,size,Principal,SchoolDistrict,Taxbase
Kingsbrook Elementary,115,Oscar B. Harris,Fort St. John,1629807
Burlinggrove High School,190,Gail T. Rivas,Heusweiler,1690528
Kingslane Academy of the Sciences,702,Melissa D. Jensen,Olinda,749144
Finchside Highschool,103,Calvin C. Livingston,Valverde,641287
Dewbrook Elementary,782,Merrill C. Banks,Bocchigliero,883317
Winterridge High,260,Karyn M. Knapp,Coevorden,1831204
California State University Brunn,589,Aurora X. Barker,Brunn am Gebirge,1626564
Heatherheights Elementary,751,Myra T. Fisher,Rotheux-Rimire,639945